﻿<?xml version="1.0" encoding="UTF-8" standalone="no"?>
<elements style="MEDIUM">
<element><name>Ali di baraka speziate</name></element>
<element><name>Angla'bosque</name></element>
<element><name>Asparagi al vapore</name></element>
<element><name>Azna al vapore</name></element>
<element><name>Bacca clavisoa</name></element>
<element><name>Bacche di guava oliana</name></element>
<element><name>Bastoncini Masàn</name></element>
<element><name>Bietola livaniana</name></element>
<element><name>Bistecca di klim</name></element>
<element><name>Bistecca di lumaca</name></element>
<element><name>Brodo di leola</name></element>
<element><name>Brodo di uova senariane</name></element>
<element><name>Budino delviano</name></element>
<element><name>Budino speziato i'daniano</name></element>
<element><name>Burro romboliano</name></element>
<element><name>Canapés bulariani</name></element>
<element><name>Carne di zabu</name></element>
<element><name>Cheesecake newyorkese</name></element>
<element><name>Cioccolatini delaviani</name></element>
<element><name>Cracker alloriano</name></element>
<element><name>Crepes trelliane</name></element>
<element><name>Cuore di targ</name></element>
<element><name>Fagiano terelliano</name></element>
<element><name>Fagioli lokar</name></element>
<element><name>Formaggio pendrassiano</name></element>
<element><name>Frittelle alla banana</name></element>
<element><name>Gagh</name></element>
<element><name>Gladst - varietà di alga Klingon</name></element>
<element><name>Goulash feragoit</name></element>
<element><name>Haggis</name></element>
<element><name>Hasperat</name></element>
<element><name>Insalata di bacche jiballiane</name></element>
<element><name>Jambalaya</name></element>
<element><name>Jumja</name></element>
<element><name>Kai Winn</name></element>
<element><name>Leola e riso pilaf</name></element>
<element><name>Linguini con gamberetti bajoriani</name></element>
<element><name>Melanzane alla parmigiana</name></element>
<element><name>Mele Kaferian</name></element>
<element><name>Melone yelg</name></element>
<element><name>Minestra alla crema di leola</name></element>
<element><name>Minestra di sangue</name></element>
<element><name>Moba</name></element>
<element><name>Molluschi giganti romulani</name></element>
<element><name>Molluschi giganti vulcaniani saltati in burro rhomboliano</name></element>
<element><name>Mousse di cioccolato thaliano</name></element>
<element><name>Noci di Zabi</name></element>
<element><name>Omelette jibaliana</name></element>
<element><name>Parthas alla Yuta</name></element>
<element><name>Pasta di pelo alfariano</name></element>
<element><name>Patè ailis</name></element>
<element><name>Patè mantickiano</name></element>
<element><name>Pelle di Fuoco: </name></element>
<element><name>Pierogi al formaggio</name></element>
<element><name>Pollo alla paprika</name></element>
<element><name>Polmone di bregit</name></element>
<element><name>Pudding di spezia i'daniana</name></element>
<element><name>Quaglia luhviana in salsa di tartufo</name></element>
<element><name>Reni di lemure denobulano</name></element>
<element><name>Risotto fetran</name></element>
<element><name>Rolk</name></element>
<element><name>Salsa cherel</name></element>
<element><name>Salsa grapok</name></element>
<element><name>Salsa vilm</name></element>
<element><name>Salsa yamok</name></element>
<element><name>Sandwich al burro di arachidi</name></element>
<element><name>Sandwich nozala</name></element>
<element><name>Sciroppo di squill</name></element>
<element><name>Soufflè deloviano</name></element>
<element><name>Stufato con carne di zabu</name></element>
<element><name>Stufato di melanzane</name></element>
<element><name>Stufato gabosti</name></element>
<element><name>Stufato kohlanese</name></element>
<element><name>Stufato di radici di leola</name></element>
<element><name>Stufato sem'hal</name></element>
<element><name>Tartufo ktariano al cioccolato </name></element>
<element><name>Teracaq arrosto</name></element>
<element><name>Tojal in salsa yamok</name></element>
<element><name>Torta alle isobacche</name></element>
<element><name>Torta larish</name></element>
<element><name>Torta di pinoli</name></element>
<element><name>Torta di sangue di rokeg</name></element>
<element><name>Torta taga</name></element>
<element><name>Torta Yigrish</name></element>
<element><name>Tortino di radici di leola</name></element>
<element><name>Tube grubs</name></element>
<element><name>Uova ktariane</name></element>
<element><name>Uova 'Owon</name></element>
<element><name>Uova porrocane</name></element>
<element><name>Uova di regova</name></element>
<element><name>Uova di tartaruga di mare takariane</name></element>
<element><name>Uova di taspar</name></element>
<element><name>Viinerine (Piatto Romulano)</name></element>
<element><name>Zampe e artigli di pipius</name></element>
<element><name>Zampe di krada</name></element>
<element><name>zilm'kach</name></element>
<element><name>Zuppa di Laka</name></element>
<element><name>Zuppa di pasta</name></element>
<element><name>Zuppa plomeek</name></element>
<element><name>Zuppa di radici di leola</name></element>
<element><name>Zuppa di trifoglio Vak</name></element></elements>